{"cameraMode":{"drawMode":0,"name":"Shaded","section":"Shading Mode"},"sceneLighting":true,"audioPlay":false,"sceneViewState":{"showFog":false,"showMaterialUpdate":false,"showSkybox":false,"showFlares":false,"showImageEffects":false,"showParticleSystems":false},"in2DMode":false,"pivot":{"x":-0.0008615050464868546,"y":-0.00045206397771835327,"z":0.5015097260475159},"rotation":{"x":-0.1438535749912262,"y":0.853705108165741,"z":-0.3172593414783478,"w":-0.3870919644832611},"size":1.2247450351715088,"orthographic":false}