{"cameraMode":{"drawMode":0,"name":"Shaded","section":"Shading Mode"},"sceneLighting":true,"audioPlay":false,"sceneViewState":{"showFog":false,"showMaterialUpdate":false,"showSkybox":false,"showFlares":false,"showImageEffects":false,"showParticleSystems":false},"in2DMode":false,"pivot":{"x":-3.5356712341308595,"y":-3.6422529220581056,"z":-2.5226755142211916},"rotation":{"x":-0.1438535749912262,"y":0.853705108165741,"z":-0.3172593414783478,"w":-0.3870919644832611},"size":4.475255012512207,"orthographic":false}